{
  "BATCH_SIZE": 8,
  "DATASET_NAME": "PascalVOC",
  "exclude_willow_classes": false,
  "EVAL": {
    "SAMPLES": 1000,
    "num_graphs_in_matching_instance": 2
  },
  "SPLINE_CNN": {
    "input_features": 1024,
    "output_features": 256
  },
  "Matching_TF": {
    "n_head": 4,
    "n_encoder": 6,
    "n_decoder": 4,
    "d_model": 512,
    "activation": "relu",
    "batch_norm": true,
    "global_feat": false,
    "pos_encoding": false,
    "n_lap_EigVec": 8
  },
  "train_sampling": "intersection",
  "eval_sampling": "intersection",
  "save_checkpoint": true,
  "RANDOM_SEED": 123,
  "warmstart_path": null,
  "TRAIN": {
    "EPOCH_ITERS": 2000,
    "LR": 0.0002,
    "lr_schedule": "long_halving",
    "clip_norm": 0.1,
    "num_graphs_in_matching_instance": 2,
    "random_swap": false,
    "AR": true
  },
  "STATISTIC_STEP": 20,
  "TRACK_GRAD_NORM": false,
  "visualize": false,
  "visualization_params": {
    "reduced_vis": true
  },
  "evaluate_only": false,
  "model_dir": "./results/voc_basic/matchAR_corrected_mask",
  "log_dir": "runs/",
  "MODEL_ARCH": "ar"
}