{
    "os": "Windows-10-10.0.19045-SP0",
    "python": "3.11.5",
    "heartbeatAt": "2024-10-21T13:36:45.425055",
    "startedAt": "2024-10-21T13:36:42.743520",
    "docker": null,
    "cuda": null,
    "args": [
        "./experiments/voc_basic.json"
    ],
    "state": "running",
    "program": "D:\\Code\\deep-graph-matching-transformers\\train_eval.py",
    "codePathLocal": "train_eval.py",
    "codePath": "train_eval.py",
    "git": {
        "remote": "https://github.com/Apollos1301/deep-graph-matching-transformers.git",
        "commit": "33f8aedbc774aadb9f937f7635f9871240488fe5"
    },
    "email": "abtin@posteo.de",
    "root": "D:/Code/deep-graph-matching-transformers",
    "host": "DESKTOP-4628FSI",
    "username": "Abtin",
    "executable": "D:\\anaconda3\\envs\\DeepL\\python.exe",
    "cpu_count": 4,
    "cpu_count_logical": 8,
    "cpu_freq": {
        "current": 4501.0,
        "min": 0.0,
        "max": 4501.0
    },
    "cpu_freq_per_core": [
        {
            "current": 4501.0,
            "min": 0.0,
            "max": 4501.0
        }
    ],
    "disk": {
        "/": {
            "total": 465.7597541809082,
            "used": 455.0013885498047
        }
    },
    "gpu": "NVIDIA GeForce GTX 1080",
    "gpu_count": 1,
    "gpu_devices": [
        {
            "name": "NVIDIA GeForce GTX 1080",
            "memory_total": 8589934592
        }
    ],
    "memory": {
        "total": 27.94988250732422
    }
}
